Fair Market Rent,Price,County,State
853,853,Aleutians East Borough, AK
1210,1210,Aleutians West Census Area, AK
1407,1407,Bethel Census Area, AK
859,859,Bristol Bay Borough, AK
1111,1111,Denali Borough, AK
1047,1047,Dillingham Census Area, AK
756,756,Haines Borough, AK
1124,1124,Juneau City and Borough, AK
817,817,Kenai Peninsula Borough, AK
1027,1027,Ketchikan Gateway Borough, AK
1115,1115,Kodiak Island Borough, AK
654,654,Lake and Peninsula Borough, AK
1259,1259,Nome Census Area, AK
1077,1077,North Slope Borough, AK
1122,1122,Northwest Arctic Borough, AK
862,862,Petersburg Census Area, AK
771,771,Prince of Wales-Hyder Census Area, AK
1008,1008,Sitka City and Borough, AK
1063,1063,Skagway Municipality, AK
992,992,Southeast Fairbanks Census Area, AK
983,983,Valdez-Cordova Census Area, AK
690,690,Wrangell City and Borough, AK
882,882,Yakutat City and Borough, AK
691,691,Yukon-Koyukuk Census Area, AK
860,860,Hoonah-Angoon Census Area, AK
926,926,Anchorage, AK HUD Metro FMR Area
775,775,Matanuska-Susitna Borough, AK HUD Metro FMR Area
987,987,Fairbanks, AK MSA
492,492,DeKalb County, AL
537,537,Escambia County, AL
556,556,Fayette County, AL
539,539,Franklin County, AL
556,556,Monroe County, AL
576,576,Pike County, AL
556,556,Marengo County, AL
481,481,Marion County, AL
506,506,Marshall County, AL
556,556,Randolph County, AL
492,492,Barbour County, AL
487,487,Wilcox County, AL
481,481,Winston County, AL
481,481,Cleburne County, AL
551,551,Coffee County, AL
556,556,Perry County, AL
603,603,Sumter County, AL
512,512,Talladega County, AL
532,532,Conecuh County, AL
523,523,Coosa County, AL
499,499,Covington County, AL
481,481,Crenshaw County, AL
541,541,Cullman County, AL
526,526,Dale County, AL
498,498,Dallas County, AL
556,556,Greene County, AL
574,574,Jackson County, AL
545,545,Lamar County, AL
504,504,Macon County, AL
549,549,Bullock County, AL
556,556,Butler County, AL
620,620,Chambers County, AL
481,481,Cherokee County, AL
481,481,Choctaw County, AL
493,493,Clarke County, AL
556,556,Clay County, AL
504,504,Tallapoosa County, AL
504,504,Washington County, AL
871,871,Birmingham-Hoover, AL HUD Metro FMR Area
625,625,Chilton County, AL HUD Metro FMR Area
549,549,Walker County, AL HUD Metro FMR Area
532,532,Henry County, AL HUD Metro FMR Area
547,547,Dothan, AL HUD Metro FMR Area
695,695,Tuscaloosa, AL HUD Metro FMR Area
493,493,Pickens County, AL HUD Metro FMR Area
549,549,Anniston-Oxford-Jacksonville, AL MSA
625,625,Auburn-Opelika, AL MSA
723,723,Daphne-Fairhope-Foley, AL MSA
574,574,Decatur, AL MSA
560,560,Gadsden, AL MSA
690,690,Huntsville, AL MSA
580,580,Florence-Muscle Shoals, AL MSA
658,658,Mobile, AL MSA
766,766,Montgomery, AL MSA
562,562,Baxter County, AR
548,548,Boone County, AR
520,520,Bradley County, AR
558,558,Calhoun County, AR
509,509,Carroll County, AR
574,574,Chicot County, AR
565,565,Clark County, AR
496,496,Clay County, AR
533,533,Cleburne County, AR
496,496,Columbia County, AR
524,524,Arkansas County, AR
563,563,Ashley County, AR
502,502,Mississippi County, AR
509,509,Monroe County, AR
542,542,Montgomery County, AR
601,601,Nevada County, AR
496,496,Newton County, AR
574,574,Ouachita County, AR
496,496,Phillips County, AR
574,574,Pike County, AR
525,525,Polk County, AR
496,496,Conway County, AR
541,541,Cross County, AR
496,496,Dallas County, AR
496,496,Desha County, AR
496,496,Drew County, AR
576,576,Franklin County, AR
496,496,Fulton County, AR
609,609,Greene County, AR
517,517,Hempstead County, AR
519,519,Pope County, AR
496,496,Prairie County, AR
496,496,Randolph County, AR
496,496,St. Francis County, AR
496,496,Scott County, AR
508,508,Searcy County, AR
574,574,Sevier County, AR
506,506,Sharp County, AR
496,496,Stone County, AR
589,589,Union County, AR
531,531,Van Buren County, AR
552,552,White County, AR
496,496,Woodruff County, AR
531,531,Hot Spring County, AR
549,549,Howard County, AR
504,504,Independence County, AR
496,496,Izard County, AR
496,496,Jackson County, AR
510,510,Johnson County, AR
496,496,Lafayette County, AR
496,496,Lawrence County, AR
496,496,Lee County, AR
558,558,Logan County, AR
505,505,Marion County, AR
546,546,Yell County, AR
618,618,Fayetteville-Springdale-Rogers, AR HUD Metro FMR Area
631,631,Jonesboro, AR HUD Metro FMR Area
496,496,Poinsett County, AR HUD Metro FMR Area
735,735,Little Rock-North Little Rock-Conway, AR HUD Metro FMR Area
648,648,Grant County, AR HUD Metro FMR Area
496,496,Little River County, AR HUD Metro FMR Area
606,606,Hot Springs, AR MSA
553,553,Pine Bluff, AR MSA
552,552,Fort Smith, AR-OK HUD Metro FMR Area
598,598,Santa Cruz County, AZ
596,596,Apache County, AZ
728,728,Gila County, AZ
771,771,Graham County, AZ
661,661,Greenlee County, AZ
722,722,La Paz County, AZ
670,670,Navajo County, AZ
725,725,Lake Havasu City-Kingman, AZ MSA
1062,1062,Flagstaff, AZ MSA
822,822,Prescott, AZ MSA
1032,1032,Phoenix-Mesa-Scottsdale, AZ MSA
728,728,Tucson, AZ MSA
667,667,Sierra Vista-Douglas, AZ MSA
705,705,Yuma, AZ MSA
819,819,Alpine County, CA
886,886,Amador County, CA
837,837,Calaveras County, CA
733,733,Colusa County, CA
827,827,Del Norte County, CA
703,703,Glenn County, CA
863,863,Humboldt County, CA
851,851,Inyo County, CA
813,813,Lake County, CA
709,709,Lassen County, CA
836,836,Mariposa County, CA
941,941,Mendocino County, CA
612,612,Modoc County, CA
1006,1006,Mono County, CA
1013,1013,Nevada County, CA
722,722,Plumas County, CA
949,949,Sierra County, CA
694,694,Siskiyou County, CA
722,722,Tehama County, CA
680,680,Trinity County, CA
845,845,Tuolumne County, CA
1605,1605,Los Angeles-Long Beach-Glendale, CA HUD Metro FMR Area
1888,1888,Santa Ana-Anaheim-Irvine, CA HUD Metro FMR Area
1188,1188,Sacramento--Roseville--Arden-Arcade, CA HUD Metro FMR Area
1147,1147,Yolo, CA HUD Metro FMR Area
1934,1934,Oakland-Fremont, CA HUD Metro FMR Area
2923,2923,San Francisco, CA HUD Metro FMR Area
2558,2558,San Jose-Sunnyvale-Santa Clara, CA HUD Metro FMR Area
1270,1270,San Benito County, CA HUD Metro FMR Area
743,743,Bakersfield, CA MSA
904,904,Chico, CA MSA
810,810,El Centro, CA MSA
903,903,Hanford-Corcoran, CA MSA
851,851,Fresno, CA MSA
881,881,Madera, CA MSA
1531,1531,Napa, CA MSA
924,924,Redding, CA MSA
1106,1106,Riverside-San Bernardino-Ontario, CA MSA
882,882,Merced, CA MSA
987,987,Modesto, CA MSA
1466,1466,Salinas, CA MSA
1519,1519,Oxnard-Thousand Oaks-Ventura, CA MSA
1351,1351,Vallejo-Fairfield, CA MSA
1642,1642,San Diego-Carlsbad, CA MSA
1263,1263,San Luis Obispo-Paso Robles-Arroyo Grande, CA MSA
2292,2292,Santa Cruz-Watsonville, CA MSA
2015,2015,Santa Maria-Santa Barbara, CA MSA
1519,1519,Santa Rosa, CA MSA
964,964,Stockton-Lodi, CA MSA
881,881,Yuba City, CA MSA
728,728,Visalia-Porterville, CA MSA
744,744,Delta County, CO
614,614,Dolores County, CO
679,679,Fremont County, CO
953,953,Garfield County, CO
671,671,Huerfano County, CO
801,801,Jackson County, CO
621,621,Kiowa County, CO
653,653,Kit Carson County, CO
763,763,Lake County, CO
1009,1009,La Plata County, CO
647,647,Las Animas County, CO
654,654,Lincoln County, CO
687,687,Logan County, CO
801,801,Mineral County, CO
665,665,Moffat County, CO
688,688,Montezuma County, CO
685,685,Montrose County, CO
681,681,Morgan County, CO
631,631,Otero County, CO
1031,1031,Ouray County, CO
614,614,Phillips County, CO
1298,1298,Pitkin County, CO
627,627,Prowers County, CO
684,684,Rio Blanco County, CO
609,609,Rio Grande County, CO
1059,1059,Routt County, CO
578,578,Saguache County, CO
801,801,San Juan County, CO
1159,1159,San Miguel County, CO
629,629,Sedgwick County, CO
1321,1321,Summit County, CO
715,715,Washington County, CO
634,634,Yuma County, CO
659,659,Alamosa County, CO
784,784,Archuleta County, CO
624,624,Baca County, CO
655,655,Bent County, CO
799,799,Chaffee County, CO
557,557,Cheyenne County, CO
600,600,Conejos County, CO
633,633,Costilla County, CO
683,683,Crowley County, CO
657,657,Custer County, CO
1331,1331,Eagle County, CO
874,874,Grand County, CO
825,825,Gunnison County, CO
725,725,Hinsdale County, CO
949,949,Colorado Springs, CO HUD Metro FMR Area
875,875,Teller County, CO HUD Metro FMR Area
1428,1428,Boulder, CO MSA
772,772,Grand Junction, CO MSA
937,937,Greeley, CO MSA
1304,1304,Denver-Aurora-Lakewood, CO MSA
1096,1096,Fort Collins, CO MSA
634,634,Pueblo, CO MSA
950,950,Litchfield County, CT
1156,1156,Bridgeport, CT HUD Metro FMR Area
1621,1621,Stamford-Norwalk, CT HUD Metro FMR Area
1350,1350,Danbury, CT HUD Metro FMR Area
1091,1091,Hartford-West Hartford-East Hartford, CT HUD Metro FMR Area
1155,1155,Southern Middlesex County, CT HUD Metro FMR Area
1181,1181,New Haven-Meriden, CT HUD Metro FMR Area
1177,1177,Milford-Ansonia-Seymour, CT HUD Metro FMR Area
948,948,Waterbury, CT HUD Metro FMR Area
976,976,Norwich-New London, CT HUD Metro FMR Area
1007,1007,Colchester-Lebanon, CT HUD Metro FMR Area
818,818,Windham County, CT HUD Metro FMR Area
1548,1548,Washington-Arlington-Alexandria, DC-VA-MD HUD Metro FMR Area
732,732,Sussex County, DE HUD Metro FMR Area
908,908,Dover, DE MSA
652,652,Bradford County, FL
659,659,Columbia County, FL
625,625,DeSoto County, FL
644,644,Dixie County, FL
661,661,Franklin County, FL
565,565,Hamilton County, FL
644,644,Calhoun County, FL
675,675,Glades County, FL
569,569,Hardee County, FL
644,644,Hendry County, FL
557,557,Holmes County, FL
621,621,Jackson County, FL
702,702,Lafayette County, FL
557,557,Levy County, FL
644,644,Liberty County, FL
641,641,Madison County, FL
1344,1344,Monroe County, FL
649,649,Okeechobee County, FL
627,627,Putnam County, FL
644,644,Suwannee County, FL
644,644,Taylor County, FL
644,644,Union County, FL
557,557,Washington County, FL
983,983,Crestview-Fort Walton Beach-Destin, FL HUD Metro FMR Area
847,847,Walton County, FL HUD Metro FMR Area
856,856,Deltona-Daytona Beach-Ormond Beach, FL HUD Metro FMR Area
854,854,Palm Coast, FL HUD Metro FMR Area
921,921,Jacksonville, FL HUD Metro FMR Area
599,599,Baker County, FL HUD Metro FMR Area
1198,1198,Fort Lauderdale, FL HUD Metro FMR Area
1231,1231,Miami-Miami Beach-Kendall, FL HUD Metro FMR Area
1180,1180,West Palm Beach-Boca Raton, FL HUD Metro FMR Area
933,933,Panama City-Lynn Haven-Panama City Beach, FL HUD Metro FMR Area
764,764,Gulf County, FL HUD Metro FMR Area
843,843,Tallahassee, FL HUD Metro FMR Area
738,738,Wakulla County, FL HUD Metro FMR Area
951,951,Cape Coral-Fort Myers, FL MSA
679,679,Homosassa Springs, FL MSA
897,897,Gainesville, FL MSA
799,799,Lakeland-Winter Haven, FL MSA
1118,1118,Naples-Immokalee-Marco Island, FL MSA
866,866,Punta Gorda, FL MSA
992,992,North Port-Sarasota-Bradenton, FL MSA
932,932,Port St. Lucie, FL MSA
718,718,The Villages, FL MSA
757,757,Ocala, FL MSA
1140,1140,Orlando-Kissimmee-Sanford, FL MSA
921,921,Palm Bay-Melbourne-Titusville, FL MSA
840,840,Pensacola-Ferry Pass-Brent, FL MSA
881,881,Sebastian-Vero Beach, FL MSA
661,661,Sebring, FL MSA
1040,1040,Tampa-St. Petersburg-Clearwater, FL MSA
510,510,Treutlen County, GA
602,602,Troup County, GA
510,510,Turner County, GA
510,510,Union County, GA
492,492,Warren County, GA
568,568,Washington County, GA
568,568,Dooly County, GA
568,568,Early County, GA
492,492,Elbert County, GA
492,492,Emanuel County, GA
510,510,Appling County, GA
492,492,Atkinson County, GA
568,568,Bacon County, GA
612,612,Baldwin County, GA
596,596,Banks County, GA
548,548,Ben Hill County, GA
497,497,Berrien County, GA
510,510,Bleckley County, GA
604,604,Bulloch County, GA
492,492,Calhoun County, GA
683,683,Camden County, GA
510,510,Candler County, GA
568,568,Charlton County, GA
492,492,Chattooga County, GA
510,510,Taliaferro County, GA
515,515,Taylor County, GA
492,492,Randolph County, GA
492,492,Schley County, GA
492,492,Stephens County, GA
492,492,Stewart County, GA
530,530,Hart County, GA
510,510,Irwin County, GA
492,492,Evans County, GA
598,598,Fannin County, GA
565,565,Gilmer County, GA
547,547,Gordon County, GA
519,519,Macon County, GA
613,613,Miller County, GA
568,568,Mitchell County, GA
510,510,Jeff Davis County, GA
492,492,Jefferson County, GA
510,510,Jenkins County, GA
529,529,Laurens County, GA
640,640,Lumpkin County, GA
492,492,Screven County, GA
526,526,Cook County, GA
532,532,Sumter County, GA
568,568,Montgomery County, GA
546,546,Pierce County, GA
546,546,Polk County, GA
675,675,Putnam County, GA
510,510,Quitman County, GA
524,524,Rabun County, GA
561,561,Seminole County, GA
507,507,Decatur County, GA
492,492,Dodge County, GA
579,579,Jackson County, GA
563,563,Franklin County, GA
509,509,Grady County, GA
542,542,Greene County, GA
529,529,Habersham County, GA
510,510,Hancock County, GA
515,515,Talbot County, GA
568,568,Tattnall County, GA
510,510,Telfair County, GA
597,597,Thomas County, GA
511,511,Tift County, GA
584,584,White County, GA
568,568,Johnson County, GA
568,568,Glascock County, GA
493,493,Wilkinson County, GA
492,492,Wayne County, GA
510,510,Webster County, GA
510,510,Wheeler County, GA
511,511,Wilkes County, GA
492,492,Toombs County, GA
587,587,Towns County, GA
568,568,Crisp County, GA
510,510,Wilcox County, GA
509,509,Upson County, GA
495,495,Ware County, GA
568,568,Coffee County, GA
519,519,Colquitt County, GA
510,510,Clay County, GA
510,510,Clinch County, GA
1040,1040,Atlanta-Sandy Springs-Roswell, GA HUD Metro FMR Area
657,657,Butts County, GA HUD Metro FMR Area
657,657,Haralson County, GA HUD Metro FMR Area
652,652,Lamar County, GA HUD Metro FMR Area
609,609,Meriwether County, GA HUD Metro FMR Area
726,726,Morgan County, GA HUD Metro FMR Area
587,587,Lincoln County, GA HUD Metro FMR Area
607,607,Dalton, GA HUD Metro FMR Area
555,555,Murray County, GA HUD Metro FMR Area
831,831,Hinesville, GA HUD Metro FMR Area
586,586,Long County, GA HUD Metro FMR Area
689,689,Macon, GA HUD Metro FMR Area
623,623,Monroe County, GA HUD Metro FMR Area
786,786,Warner Robins, GA HUD Metro FMR Area
556,556,Peach County, GA HUD Metro FMR Area
568,568,Pulaski County, GA HUD Metro FMR Area
699,699,Athens-Clarke County, GA MSA
645,645,Albany, GA MSA
684,684,Brunswick, GA MSA
834,834,Gainesville, GA MSA
627,627,Rome, GA MSA
591,591,Valdosta, GA MSA
921,921,Savannah, GA MSA
717,717,Columbus, GA-AL MSA
708,708,Augusta-Richmond County, GA-SC HUD Metro FMR Area
1115,1115,Hawaii County, HI
1519,1519,Kauai County, HI
1408,1408,Kahului-Wailuku-Lahaina, HI MSA
1577,1577,Urban Honolulu, HI MSA
570,570,Monroe County, IA
543,543,Montgomery County, IA
692,692,Muscatine County, IA
543,543,O'Brien County, IA
543,543,Osceola County, IA
543,543,Page County, IA
543,543,Palo Alto County, IA
543,543,Pocahontas County, IA
589,589,Poweshiek County, IA
543,543,Ringgold County, IA
551,551,Sac County, IA
543,543,Shelby County, IA
550,550,Sioux County, IA
550,550,Tama County, IA
543,543,Emmet County, IA
543,543,Fayette County, IA
564,564,Floyd County, IA
543,543,Franklin County, IA
543,543,Allamakee County, IA
543,543,Appanoose County, IA
543,543,Audubon County, IA
626,626,Boone County, IA
585,585,Buchanan County, IA
561,561,Buena Vista County, IA
548,548,Butler County, IA
548,548,Clay County, IA
544,544,Clayton County, IA
590,590,Clinton County, IA
562,562,Crawford County, IA
543,543,Taylor County, IA
610,610,Union County, IA
627,627,Van Buren County, IA
576,576,Wapello County, IA
543,543,Lyon County, IA
561,561,Mahaska County, IA
627,627,Marion County, IA
610,610,Marshall County, IA
543,543,Mitchell County, IA
543,543,Monona County, IA
543,543,Wayne County, IA
543,543,Webster County, IA
543,543,Winnebago County, IA
543,543,Winneshiek County, IA
604,604,Worth County, IA
543,543,Wright County, IA
578,578,Hamilton County, IA
571,571,Hancock County, IA
543,543,Hardin County, IA
630,630,Henry County, IA
627,627,Howard County, IA
543,543,Humboldt County, IA
543,543,Ida County, IA
566,566,Iowa County, IA
564,564,Jackson County, IA
583,583,Jasper County, IA
571,571,Jefferson County, IA
562,562,Keokuk County, IA
543,543,Kossuth County, IA
543,543,Fremont County, IA
606,606,Davis County, IA
543,543,Decatur County, IA
543,543,Delaware County, IA
653,653,Des Moines County, IA
602,602,Dickinson County, IA
543,543,Greene County, IA
543,543,Adair County, IA
555,555,Adams County, IA
627,627,Calhoun County, IA
543,543,Carroll County, IA
625,625,Cass County, IA
601,601,Cedar County, IA
588,588,Cerro Gordo County, IA
574,574,Cherokee County, IA
596,596,Chickasaw County, IA
595,595,Clarke County, IA
564,564,Lee County, IA
554,554,Louisa County, IA
635,635,Lucas County, IA
602,602,Cedar Rapids, IA HUD Metro FMR Area
545,545,Benton County, IA HUD Metro FMR Area
543,543,Jones County, IA HUD Metro FMR Area
803,803,Iowa City, IA HUD Metro FMR Area
621,621,Washington County, IA HUD Metro FMR Area
592,592,Plymouth County, IA HUD Metro FMR Area
578,578,Bremer County, IA HUD Metro FMR Area
670,670,Waterloo-Cedar Falls, IA HUD Metro FMR Area
752,752,Ames, IA MSA
612,612,Dubuque, IA MSA
738,738,Des Moines-West Des Moines, IA MSA
626,626,Davenport-Moline-Rock Island, IA-IL MSA
631,631,Sioux City, IA-NE-SD HUD Metro FMR Area
572,572,Adams County, ID
557,557,Bear Lake County, ID
607,607,Payette County, ID
564,564,Cassia County, ID
604,604,Clark County, ID
607,607,Clearwater County, ID
577,577,Custer County, ID
657,657,Elmore County, ID
629,629,Fremont County, ID
590,590,Idaho County, ID
808,808,Blaine County, ID
646,646,Bonner County, ID
618,618,Power County, ID
576,576,Shoshone County, ID
,,Jerome County, ID
628,628,Latah County, ID
702,702,Madison County, ID
603,603,Minidoka County, ID
716,716,Teton County, ID
,,Twin Falls County, ID
606,606,Valley County, ID
565,565,Washington County, ID
571,571,Bingham County, ID
557,557,Boundary County, ID
564,564,Camas County, ID
557,557,Caribou County, ID
606,606,Lemhi County, ID
616,616,Lewis County, ID
634,634,Lincoln County, ID
628,628,Benewah County, ID
572,572,Gooding County, ID
648,648,Oneida County, ID
801,801,Boise City, ID HUD Metro FMR Area
718,718,Gem County, ID HUD Metro FMR Area
670,670,Idaho Falls, ID HUD Metro FMR Area
599,599,Butte County, ID HUD Metro FMR Area
755,755,Coeur d'Alene, ID MSA
593,593,Pocatello, ID MSA
672,672,Lewiston, ID-WA MSA
545,545,Logan County, IL
575,575,McDonough County, IL
557,557,Marion County, IL
542,542,Mason County, IL
590,590,Massac County, IL
567,567,Montgomery County, IL
547,547,Morgan County, IL
566,566,Moultrie County, IL
606,606,Ogle County, IL
614,614,Pope County, IL
614,614,Pulaski County, IL
570,570,Whiteside County, IL
590,590,Richland County, IL
531,531,Saline County, IL
533,533,Union County, IL
550,550,Wabash County, IL
567,567,Warren County, IL
577,577,Washington County, IL
589,589,Perry County, IL
531,531,Pike County, IL
558,558,Hancock County, IL
531,531,Hardin County, IL
578,578,Jo Daviess County, IL
531,531,Johnson County, IL
531,531,Knox County, IL
605,605,La Salle County, IL
531,531,Lawrence County, IL
556,556,Lee County, IL
570,570,Livingston County, IL
531,531,Cumberland County, IL
559,559,Douglas County, IL
569,569,Fulton County, IL
614,614,Gallatin County, IL
696,696,Brown County, IL
550,550,Clark County, IL
582,582,Clay County, IL
613,613,Edgar County, IL
614,614,Edwards County, IL
541,541,Effingham County, IL
568,568,Fayette County, IL
608,608,Henderson County, IL
531,531,Iroquois County, IL
607,607,Jasper County, IL
582,582,Jefferson County, IL
572,572,Greene County, IL
598,598,Hamilton County, IL
561,561,Bureau County, IL
531,531,Carroll County, IL
550,550,Cass County, IL
554,554,Coles County, IL
533,533,Franklin County, IL
605,605,Adams County, IL
579,579,Christian County, IL
560,560,Crawford County, IL
531,531,Wayne County, IL
583,583,White County, IL
549,549,Putnam County, IL
543,543,Randolph County, IL
531,531,Schuyler County, IL
531,531,Scott County, IL
608,608,Shelby County, IL
547,547,Stephenson County, IL
682,682,Bloomington, IL  HUD Metro FMR Area
557,557,De Witt County, IL HUD Metro FMR Area
1122,1122,Chicago-Joliet-Naperville, IL HUD Metro FMR Area
805,805,DeKalb County, IL HUD Metro FMR Area
893,893,Grundy County, IL HUD Metro FMR Area
974,974,Kendall County, IL HUD Metro FMR Area
580,580,Jackson County, IL HUD Metro FMR Area
578,578,Williamson County, IL HUD Metro FMR Area
585,585,Bond County, IL HUD Metro FMR Area
539,539,Macoupin County, IL HUD Metro FMR Area
739,739,Champaign-Urbana, IL MSA
598,598,Danville, IL MSA
614,614,Decatur, IL MSA
717,717,Kankakee, IL MSA
606,606,Rockford, IL MSA
675,675,Peoria, IL MSA
684,684,Springfield, IL MSA
566,566,Fountain County, IN
574,574,Franklin County, IN
626,626,Fulton County, IN
611,611,Gibson County, IN
598,598,Grant County, IN
567,567,Greene County, IN
595,595,Henry County, IN
604,604,Huntington County, IN
614,614,Jackson County, IN
555,555,Jay County, IN
572,572,Jennings County, IN
591,591,Knox County, IN
657,657,Kosciusko County, IN
564,564,LaGrange County, IN
584,584,Lawrence County, IN
607,607,Marshall County, IN
565,565,Martin County, IN
622,622,Miami County, IN
560,560,Switzerland County, IN
646,646,Tipton County, IN
565,565,Wabash County, IN
555,555,Warren County, IN
560,560,Adams County, IN
611,611,Blackford County, IN
582,582,Cass County, IN
593,593,Clinton County, IN
572,572,DeKalb County, IN
566,566,Dubois County, IN
562,562,Fayette County, IN
584,584,Montgomery County, IN
605,605,Noble County, IN
563,563,Orange County, IN
588,588,Parke County, IN
555,555,Perry County, IN
613,613,Jefferson County, IN
557,557,Randolph County, IN
576,576,Ripley County, IN
555,555,Wayne County, IN
571,571,White County, IN
555,555,Crawford County, IN
575,575,Daviess County, IN
649,649,Decatur County, IN
560,560,Rush County, IN
555,555,Spencer County, IN
562,562,Starke County, IN
621,621,Steuben County, IN
630,630,Pike County, IN
595,595,Pulaski County, IN
571,571,Union County, IN HUD Metro FMR Area
748,748,Bloomington, IN HUD Metro FMR Area
581,581,Owen County, IN HUD Metro FMR Area
749,749,Gary, IN HUD Metro FMR Area
685,685,Jasper County, IN HUD Metro FMR Area
555,555,Washington County, IN HUD Metro FMR Area
619,619,Anderson, IN HUD Metro FMR Area
781,781,Indianapolis-Carmel, IN HUD Metro FMR Area
590,590,Putnam County, IN HUD Metro FMR Area
645,645,Scott County, IN HUD Metro FMR Area
753,753,Lafayette-West Lafayette, IN HUD Metro FMR Area
555,555,Carroll County, IN HUD Metro FMR Area
636,636,Terre Haute, IN HUD Metro FMR Area
599,599,Sullivan County, IN HUD Metro FMR Area
706,706,South Bend-Mishawaka, IN HUD Metro FMR Area
640,640,Elkhart-Goshen, IN MSA
764,764,Columbus, IN MSA
632,632,Fort Wayne, IN MSA
579,579,Kokomo, IN MSA
578,578,Muncie, IN MSA
602,602,Michigan City-La Porte, IN MSA
670,670,Evansville, IN-KY MSA
545,545,Cloud County, KS
545,545,Comanche County, KS
546,546,Cowley County, KS
545,545,Hodgeman County, KS
616,616,Jewell County, KS
545,545,Kearny County, KS
630,630,Kiowa County, KS
545,545,Lane County, KS
611,611,Finney County, KS
596,596,Ford County, KS
613,613,Franklin County, KS
687,687,Geary County, KS
545,545,Scott County, KS
595,595,Seward County, KS
579,579,Sheridan County, KS
595,595,Sherman County, KS
630,630,Smith County, KS
545,545,Stafford County, KS
549,549,Stanton County, KS
570,570,Lincoln County, KS
545,545,Logan County, KS
545,545,Lyon County, KS
565,565,McPherson County, KS
545,545,Marion County, KS
545,545,Marshall County, KS
555,555,Meade County, KS
545,545,Atchison County, KS
545,545,Barber County, KS
545,545,Barton County, KS
545,545,Bourbon County, KS
545,545,Brown County, KS
545,545,Chase County, KS
545,545,Wilson County, KS
545,545,Woodson County, KS
562,562,Crawford County, KS
545,545,Decatur County, KS
545,545,Mitchell County, KS
545,545,Montgomery County, KS
545,545,Morris County, KS
545,545,Morton County, KS
553,553,Nemaha County, KS
556,556,Neosho County, KS
590,590,Gove County, KS
545,545,Dickinson County, KS
545,545,Edwards County, KS
598,598,Elk County, KS
562,562,Ellis County, KS
571,571,Ellsworth County, KS
552,552,Stevens County, KS
545,545,Thomas County, KS
545,545,Trego County, KS
545,545,Wallace County, KS
592,592,Washington County, KS
545,545,Wichita County, KS
545,545,Harper County, KS
545,545,Haskell County, KS
629,629,Graham County, KS
545,545,Grant County, KS
549,549,Gray County, KS
545,545,Greeley County, KS
590,590,Greenwood County, KS
545,545,Hamilton County, KS
545,545,Allen County, KS
545,545,Anderson County, KS
630,630,Ness County, KS
630,630,Norton County, KS
594,594,Osborne County, KS
545,545,Chautauqua County, KS
549,549,Cherokee County, KS
630,630,Cheyenne County, KS
622,622,Clark County, KS
569,569,Clay County, KS
602,602,Rice County, KS
545,545,Rooks County, KS
589,589,Rush County, KS
545,545,Russell County, KS
610,610,Saline County, KS
625,625,Republic County, KS
563,563,Ottawa County, KS
630,630,Pawnee County, KS
630,630,Phillips County, KS
579,579,Pratt County, KS
545,545,Rawlins County, KS
595,595,Reno County, KS
561,561,Coffey County, KS
545,545,Labette County, KS
658,658,Wichita, KS HUD Metro FMR Area
599,599,Kingman County, KS HUD Metro FMR Area
576,576,Sumner County, KS HUD Metro FMR Area
756,756,Lawrence, KS MSA
720,720,Manhattan, KS MSA
608,608,Topeka, KS MSA
516,516,Martin County, KY
515,515,Menifee County, KY
582,582,Morgan County, KY
520,520,Muhlenberg County, KY
550,550,Nelson County, KY
534,534,Ohio County, KY
520,520,Fulton County, KY
556,556,Garrard County, KY
503,503,Graves County, KY
551,551,Grayson County, KY
503,503,Green County, KY
548,548,Harlan County, KY
503,503,Harrison County, KY
574,574,Clay County, KY
518,518,Lee County, KY
503,503,Lincoln County, KY
524,524,Lyon County, KY
503,503,Hart County, KY
503,503,Adair County, KY
635,635,Anderson County, KY
527,527,Ballard County, KY
542,542,Clinton County, KY
503,503,Crittenden County, KY
515,515,Cumberland County, KY
562,562,Boyle County, KY
582,582,Carroll County, KY
578,578,Casey County, KY
554,554,Madison County, KY
548,548,Magoffin County, KY
571,571,Marion County, KY
503,503,Todd County, KY
503,503,Elliott County, KY
503,503,Estill County, KY
503,503,Fleming County, KY
503,503,Floyd County, KY
654,654,Franklin County, KY
531,531,Hopkins County, KY
515,515,Jackson County, KY
503,503,Johnson County, KY
515,515,Knott County, KY
507,507,Knox County, KY
552,552,Laurel County, KY
503,503,Lawrence County, KY
515,515,Leslie County, KY
566,566,Letcher County, KY
555,555,Lewis County, KY
527,527,Livingston County, KY
532,532,Logan County, KY
551,551,Barren County, KY
530,530,Bath County, KY
575,575,Bell County, KY
503,503,Breathitt County, KY
557,557,Breckinridge County, KY
582,582,Caldwell County, KY
619,619,Calloway County, KY
553,553,Union County, KY
556,556,Carlisle County, KY
503,503,Carter County, KY
514,514,Washington County, KY
515,515,Hickman County, KY
516,516,Mercer County, KY
577,577,Metcalfe County, KY
503,503,Nicholas County, KY
503,503,Robertson County, KY
534,534,Russell County, KY
576,576,Simpson County, KY
515,515,McCreary County, KY
650,650,Marshall County, KY
503,503,Monroe County, KY
550,550,Mason County, KY
503,503,Owen County, KY
515,515,Owsley County, KY
575,575,Perry County, KY
566,566,Pike County, KY
575,575,Powell County, KY
582,582,Wayne County, KY
567,567,Montgomery County, KY
524,524,Taylor County, KY
564,564,Webster County, KY
582,582,Whitley County, KY
503,503,Wolfe County, KY
611,611,McCracken County, KY
503,503,Rockcastle County, KY
612,612,Rowan County, KY
529,529,Pulaski County, KY
690,690,Grant County, KY HUD Metro FMR Area
524,524,Allen County, KY HUD Metro FMR Area
503,503,Butler County, KY HUD Metro FMR Area
660,660,Bowling Green, KY HUD Metro FMR Area
642,642,Elizabethtown, KY HUD Metro FMR Area
603,603,Meade County, KY HUD Metro FMR Area
658,658,Shelby County, KY HUD Metro FMR Area
728,728,Lexington-Fayette, KY MSA
623,623,Owensboro, KY MSA
760,760,Louisville, KY-IN HUD Metro FMR Area
556,556,East Carroll Parish, LA
619,619,Evangeline Parish, LA
550,550,Franklin Parish, LA
600,600,Red River Parish, LA
550,550,Richland Parish, LA
584,584,Sabine Parish, LA
562,562,St. Landry Parish, LA
736,736,St. Mary Parish, LA
636,636,Tensas Parish, LA
780,780,Vernon Parish, LA
636,636,Washington Parish, LA
550,550,Allen Parish, LA
675,675,Assumption Parish, LA
668,668,Caldwell Parish, LA
618,618,Claiborne Parish, LA
611,611,Jackson Parish, LA
636,636,Jefferson Davis Parish, LA
584,584,Madison Parish, LA
634,634,Morehouse Parish, LA
643,643,Natchitoches Parish, LA
550,550,Avoyelles Parish, LA
635,635,Beauregard Parish, LA
636,636,Bienville Parish, LA
608,608,Catahoula Parish, LA
636,636,Concordia Parish, LA
680,680,Lincoln Parish, LA
550,550,West Carroll Parish, LA
550,550,Winn Parish, LA
580,580,La Salle Parish, LA
700,700,Iberville Parish, LA HUD Metro FMR Area
856,856,Baton Rouge, LA HUD Metro FMR Area
790,790,Lafayette, LA HUD Metro FMR Area
550,550,Acadia Parish, LA HUD Metro FMR Area
601,601,Iberia Parish, LA HUD Metro FMR Area
639,639,Vermilion Parish, LA HUD Metro FMR Area
899,899,New Orleans-Metairie, LA HUD Metro FMR Area
610,610,St. James Parish, LA HUD Metro FMR Area
715,715,Shreveport-Bossier City, LA HUD Metro FMR Area
584,584,Webster Parish, LA HUD Metro FMR Area
650,650,Alexandria, LA MSA
705,705,Houma-Thibodaux, LA MSA
674,674,Lake Charles, LA MSA
693,693,Hammond, LA MSA
610,610,Monroe, LA MSA
1733,1733,Dukes County, MA
1761,1761,Nantucket County, MA
892,892,Berkshire County, MA (part) HUD Metro FMR Area
1184,1184,Brockton, MA HUD Metro FMR Area
1193,1193,Lowell, MA HUD Metro FMR Area
996,996,Taunton-Mansfield-Norton, MA HUD Metro FMR Area
1240,1240,Easton-Raynham, MA HUD Metro FMR Area
818,818,New Bedford, MA HUD Metro FMR Area
916,916,Pittsfield, MA HUD Metro FMR Area
1134,1134,Worcester, MA HUD Metro FMR Area
961,961,Eastern Worcester County, MA HUD Metro FMR Area
812,812,Fitchburg-Leominster, MA HUD Metro FMR Area
741,741,Western Worcester County, MA HUD Metro FMR Area
972,972,Franklin County, MA HUD Nonmetro FMR Area
1265,1265,Barnstable Town, MA MSA
891,891,Springfield, MA MSA
1924,1924,Boston-Cambridge-Quincy, MA-NH HUD Metro FMR Area
1148,1148,Lawrence, MA-NH HUD Metro FMR Area
766,766,Kent County, MD
851,851,Talbot County, MD
711,711,Caroline County, MD
753,753,Dorchester County, MD
604,604,Garrett County, MD
683,683,Hagerstown, MD HUD Metro FMR Area
802,802,Salisbury, MD HUD Metro FMR Area
666,666,Somerset County, MD HUD Metro FMR Area
752,752,Worcester County, MD HUD Metro FMR Area
1115,1115,Baltimore-Columbia-Towson, MD MSA
1102,1102,California-Lexington Park, MD MSA
587,587,Cumberland, MD-WV MSA
605,605,Aroostook County, ME
628,628,Franklin County, ME
782,782,Hancock County, ME
741,741,Knox County, ME
727,727,Lincoln County, ME
636,636,Oxford County, ME
618,618,Piscataquis County, ME
677,677,Kennebec County, ME
606,606,Somerset County, ME
765,765,Waldo County, ME
603,603,Washington County, ME
658,658,Penobscot County, ME (part) HUD Metro FMR Area
930,930,Cumberland County, ME (part) HUD Metro FMR Area
936,936,York County, ME (part) HUD Metro FMR Area
826,826,Bangor, ME HUD Metro FMR Area
1229,1229,Portland, ME HUD Metro FMR Area
1118,1118,York-Kittery-South Berwick, ME HUD Metro FMR Area
892,892,Sagadahoc County, ME HUD Metro FMR Area
737,737,Lewiston-Auburn, ME MSA
614,614,Ontonagon County, MI
569,569,Osceola County, MI
620,620,Oscoda County, MI
656,656,Otsego County, MI
578,578,Presque Isle County, MI
582,582,Roscommon County, MI
583,583,St. Joseph County, MI
617,617,Mecosta County, MI
634,634,Menominee County, MI
630,630,Missaukee County, MI
587,587,Montmorency County, MI
607,607,Newaygo County, MI
557,557,Oceana County, MI
644,644,Ogemaw County, MI
570,570,Gladwin County, MI
611,611,Gogebic County, MI
847,847,Grand Traverse County, MI
557,557,Gratiot County, MI
607,607,Hillsdale County, MI
582,582,Houghton County, MI
559,559,Huron County, MI
631,631,Dickinson County, MI
584,584,Wexford County, MI
557,557,Schoolcraft County, MI
578,578,Shiawassee County, MI
600,600,Manistee County, MI
624,624,Marquette County, MI
640,640,Ionia County, MI
644,644,Iosco County, MI
598,598,Iron County, MI
653,653,Isabella County, MI
562,562,Kalkaska County, MI
566,566,Keweenaw County, MI
610,610,Mason County, MI
557,557,Sanilac County, MI
600,600,Tuscola County, MI
644,644,Alcona County, MI
591,591,Alger County, MI
709,709,Leelanau County, MI
610,610,Lenawee County, MI
670,670,Allegan County, MI
606,606,Alpena County, MI
634,634,Antrim County, MI
588,588,Arenac County, MI
557,557,Baraga County, MI
658,658,Benzie County, MI
625,625,Branch County, MI
625,625,Charlevoix County, MI
584,584,Chippewa County, MI
557,557,Lake County, MI
619,619,Luce County, MI
644,644,Mackinac County, MI
558,558,Cheboygan County, MI
557,557,Clare County, MI
596,596,Crawford County, MI
583,583,Delta County, MI
665,665,Emmet County, MI
817,817,Grand Rapids-Wyoming, MI HUD Metro FMR Area
822,822,Holland-Grand Haven, MI HUD Metro FMR Area
690,690,Barry County, MI HUD Metro FMR Area
643,643,Montcalm County, MI HUD Metro FMR Area
821,821,Detroit-Warren-Livonia, MI HUD Metro FMR Area
881,881,Livingston County, MI HUD Metro FMR Area
609,609,Cass County, MI HUD Metro FMR Area
1043,1043,Ann Arbor, MI MSA
661,661,Battle Creek, MI MSA
589,589,Bay City, MI MSA
609,609,Flint, MI MSA
709,709,Jackson, MI MSA
705,705,Kalamazoo-Portage, MI MSA
740,740,Lansing-East Lansing, MI MSA
626,626,Muskegon, MI MSA
619,619,Niles-Benton Harbor, MI MSA
627,627,Midland, MI MSA
691,691,Monroe, MI MSA
632,632,Saginaw, MI MSA
624,624,Kanabec County, MN
597,597,Kandiyohi County, MN
558,558,Kittson County, MN
557,557,Lac qui Parle County, MN
592,592,Lake County, MN
565,565,Jackson County, MN
557,557,Big Stone County, MN
557,557,Pennington County, MN
565,565,Lincoln County, MN
557,557,Lyon County, MN
567,567,McLeod County, MN
631,631,Mahnomen County, MN
557,557,Marshall County, MN
557,557,Martin County, MN
573,573,Meeker County, MN
557,557,Morrison County, MN
585,585,Mower County, MN
557,557,Murray County, MN
557,557,Nobles County, MN
557,557,Otter Tail County, MN
611,611,Pine County, MN
636,636,Pipestone County, MN
557,557,Pope County, MN
606,606,Red Lake County, MN
644,644,Redwood County, MN
622,622,Renville County, MN
686,686,Rice County, MN
557,557,Rock County, MN
557,557,Koochiching County, MN
606,606,Winona County, MN
560,560,Yellow Medicine County, MN
557,557,Roseau County, MN
584,584,Steele County, MN
644,644,Stevens County, MN
586,586,Brown County, MN
560,560,Cass County, MN
572,572,Chippewa County, MN
557,557,Swift County, MN
580,580,Todd County, MN
557,557,Traverse County, MN
557,557,Aitkin County, MN
588,588,Becker County, MN
604,604,Beltrami County, MN
557,557,Clearwater County, MN
644,644,Cook County, MN
579,579,Cottonwood County, MN
601,601,Crow Wing County, MN
575,575,Douglas County, MN
557,557,Faribault County, MN
557,557,Freeborn County, MN
620,620,Goodhue County, MN
610,610,Grant County, MN
557,557,Hubbard County, MN
604,604,Itasca County, MN
571,571,Lake of the Woods County, MN
587,587,Norman County, MN
620,620,Wadena County, MN
560,560,Waseca County, MN
644,644,Watonwan County, MN
557,557,Wilkin County, MN
789,789,Rochester, MN HUD Metro FMR Area
557,557,Fillmore County, MN HUD Metro FMR Area
616,616,Wabasha County, MN HUD Metro FMR Area
709,709,Le Sueur County, MN HUD Metro FMR Area
710,710,Mille Lacs County, MN HUD Metro FMR Area
660,660,Sibley County, MN HUD Metro FMR Area
732,732,Mankato-North Mankato, MN MSA
671,671,St. Cloud, MN MSA
1054,1054,Minneapolis-St. Paul-Bloomington, MN-WI HUD Metro FMR Area
671,671,Duluth, MN-WI MSA
513,513,Perry County, MO
573,573,Pettis County, MO
556,556,Phelps County, MO
533,533,Pike County, MO
502,502,Putnam County, MO
650,650,Pulaski County, MO
507,507,Harrison County, MO
547,547,Henry County, MO
502,502,Hickory County, MO
502,502,Atchison County, MO
512,512,Audrain County, MO
502,502,Barry County, MO
581,581,Barton County, MO
502,502,Benton County, MO
508,508,Butler County, MO
502,502,Laclede County, MO
517,517,Lawrence County, MO
502,502,Adair County, MO
502,502,Wright County, MO
502,502,Dunklin County, MO
502,502,Holt County, MO
524,524,Howard County, MO
502,502,Howell County, MO
560,560,Iron County, MO
565,565,Johnson County, MO
502,502,Knox County, MO
502,502,Lewis County, MO
514,514,Linn County, MO
518,518,Livingston County, MO
513,513,Macon County, MO
525,525,Madison County, MO
551,551,Camden County, MO
502,502,Carroll County, MO
503,503,Carter County, MO
541,541,Cedar County, MO
519,519,Chariton County, MO
502,502,Clark County, MO
541,541,Crawford County, MO
511,511,Dade County, MO
502,502,Daviess County, MO
502,502,Dent County, MO
502,502,Douglas County, MO
502,502,Gasconade County, MO
524,524,Nodaway County, MO
512,512,Oregon County, MO
581,581,Maries County, MO
544,544,Marion County, MO
502,502,Mercer County, MO
572,572,Miller County, MO
502,502,Mississippi County, MO
502,502,Monroe County, MO
502,502,Gentry County, MO
502,502,Grundy County, MO
506,506,St. Francois County, MO
574,574,Ralls County, MO
502,502,Randolph County, MO
536,536,Ozark County, MO
512,512,Pemiscot County, MO
502,502,Montgomery County, MO
544,544,Morgan County, MO
502,502,Saline County, MO
502,502,Schuyler County, MO
502,502,Scotland County, MO
528,528,Scott County, MO
502,502,Shannon County, MO
502,502,Shelby County, MO
502,502,Stoddard County, MO
542,542,Stone County, MO
502,502,Reynolds County, MO
512,512,Ripley County, MO
504,504,St. Clair County, MO
541,541,Ste. Genevieve County, MO
521,521,Sullivan County, MO
605,605,Taney County, MO
502,502,Texas County, MO
502,502,New Madrid County, MO
528,528,Vernon County, MO
502,502,Washington County, MO
502,502,Wayne County, MO
502,502,Worth County, MO
518,518,Cooper County, MO
581,581,McDonald County, MO HUD Metro FMR Area
546,546,Jefferson City, MO HUD Metro FMR Area
568,568,Callaway County, MO HUD Metro FMR Area
502,502,Moniteau County, MO HUD Metro FMR Area
536,536,Bates County, MO HUD Metro FMR Area
595,595,Springfield, MO HUD Metro FMR Area
581,581,Dallas County, MO HUD Metro FMR Area
528,528,Polk County, MO HUD Metro FMR Area
722,722,Columbia, MO MSA
611,611,Joplin, MO MSA
731,731,St. Louis, MO-IL HUD Metro FMR Area
612,612,Cape Girardeau, MO-IL MSA
857,857,Kansas City, MO-KS HUD Metro FMR Area
620,620,St. Joseph, MO-KS MSA
536,536,Jefferson County, MS
600,600,Jefferson Davis County, MS
572,572,Jones County, MS
519,519,Kemper County, MS
519,519,Issaquena County, MS
593,593,Itawamba County, MS
538,538,Jasper County, MS
519,519,Alcorn County, MS
573,573,Sunflower County, MS
581,581,Adams County, MS
538,538,Amite County, MS
593,593,Attala County, MS
535,535,Bolivar County, MS
555,555,Calhoun County, MS
519,519,Tallahatchie County, MS
600,600,Tippah County, MS
600,600,Tishomingo County, MS
600,600,Union County, MS
519,519,Franklin County, MS
552,552,George County, MS
538,538,Carroll County, MS
519,519,Chickasaw County, MS
559,559,Choctaw County, MS
536,536,Clarke County, MS
538,538,Clay County, MS
553,553,Monroe County, MS
600,600,Coahoma County, MS
548,548,Covington County, MS
564,564,Washington County, MS
536,536,Wayne County, MS
600,600,Webster County, MS
555,555,Walthall County, MS
552,552,Warren County, MS
536,536,Wilkinson County, MS
519,519,Winston County, MS
519,519,Yalobusha County, MS
521,521,Greene County, MS
519,519,Grenada County, MS
519,519,Holmes County, MS
582,582,Lowndes County, MS
600,600,Humphreys County, MS
539,539,Leflore County, MS
530,530,Lincoln County, MS
553,553,Marion County, MS
536,536,Montgomery County, MS
548,548,Neshoba County, MS
533,533,Newton County, MS
528,528,Noxubee County, MS
707,707,Oktibbeha County, MS
781,781,Lafayette County, MS
583,583,Lauderdale County, MS
665,665,Lawrence County, MS
523,523,Leake County, MS
579,579,Panola County, MS
596,596,Pearl River County, MS
597,597,Pike County, MS
519,519,Pontotoc County, MS
529,529,Prentiss County, MS
519,519,Quitman County, MS
536,536,Scott County, MS
536,536,Sharkey County, MS
519,519,Smith County, MS
536,536,Stone County, MS
612,612,Lee County, MS
588,588,Claiborne County, MS
701,701,Gulfport-Biloxi, MS HUD Metro FMR Area
700,700,Pascagoula, MS HUD Metro FMR Area
794,794,Jackson, MS HUD Metro FMR Area
571,571,Yazoo County, MS HUD Metro FMR Area
676,676,Simpson County, MS HUD Metro FMR Area
600,600,Benton County, MS HUD Metro FMR Area
615,615,Marshall County, MS HUD Metro FMR Area
604,604,Tate County, MS HUD Metro FMR Area
714,714,Tunica County, MS HUD Metro FMR Area
716,716,Hattiesburg, MS MSA
799,799,Madison County, MT
576,576,Meagher County, MT
644,644,Mineral County, MT
643,643,Beaverhead County, MT
645,645,Sheridan County, MT
696,696,Silver Bow County, MT
668,668,Big Horn County, MT
644,644,Carter County, MT
572,572,Chouteau County, MT
708,708,Musselshell County, MT
651,651,Custer County, MT
619,619,Daniels County, MT
877,877,Dawson County, MT
638,638,Deer Lodge County, MT
710,710,Fallon County, MT
656,656,Fergus County, MT
735,735,Flathead County, MT
561,561,Garfield County, MT
557,557,Glacier County, MT
557,557,Granite County, MT
663,663,Hill County, MT
690,690,Jefferson County, MT
561,561,Judith Basin County, MT
656,656,Lake County, MT
774,774,Lewis and Clark County, MT
644,644,Liberty County, MT
609,609,Lincoln County, MT
583,583,McCone County, MT
845,845,Gallatin County, MT
750,750,Park County, MT
700,700,Petroleum County, MT
561,561,Phillips County, MT
636,636,Pondera County, MT
557,557,Powder River County, MT
557,557,Powell County, MT
700,700,Prairie County, MT
647,647,Ravalli County, MT
728,728,Richland County, MT
607,607,Roosevelt County, MT
644,644,Rosebud County, MT
572,572,Sanders County, MT
644,644,Blaine County, MT
648,648,Broadwater County, MT
645,645,Stillwater County, MT
670,670,Sweet Grass County, MT
598,598,Teton County, MT
630,630,Toole County, MT
700,700,Treasure County, MT
608,608,Valley County, MT
561,561,Wheatland County, MT
700,700,Wibaux County, MT
569,569,Golden Valley County, MT HUD Metro FMR Area
725,725,Billings, MT HUD Metro FMR Area
613,613,Great Falls, MT MSA
772,772,Missoula, MT MSA
597,597,Hyde County, NC
620,620,Jackson County, NC
682,682,Lee County, NC
537,537,Montgomery County, NC
526,526,Northampton County, NC
625,625,Pasquotank County, NC
660,660,Perquimans County, NC
630,630,Polk County, NC
608,608,Richmond County, NC
526,526,Robeson County, NC
526,526,Rutherford County, NC
588,588,McDowell County, NC
625,625,Macon County, NC
541,541,Martin County, NC
526,526,Mitchell County, NC
687,687,Moore County, NC
535,535,Ashe County, NC
582,582,Beaufort County, NC
533,533,Bertie County, NC
526,526,Bladen County, NC
873,873,Camden County, NC
642,642,Carteret County, NC
608,608,Caswell County, NC
548,548,Cherokee County, NC
537,537,Anson County, NC
665,665,Clay County, NC
545,545,Cleveland County, NC
550,550,Columbus County, NC
852,852,Dare County, NC
530,530,Duplin County, NC
540,540,Graham County, NC
526,526,Alleghany County, NC
599,599,Avery County, NC
647,647,Chowan County, NC
630,630,Granville County, NC
526,526,Greene County, NC
568,568,Halifax County, NC
526,526,Sampson County, NC
526,526,Scotland County, NC
608,608,Swain County, NC
536,536,Transylvania County, NC
588,588,Tyrrell County, NC
599,599,Harnett County, NC
583,583,Hertford County, NC
682,682,Wilson County, NC
550,550,Yancey County, NC
555,555,Washington County, NC
574,574,Stanly County, NC
545,545,Surry County, NC
660,660,Watauga County, NC
543,543,Wilkes County, NC
608,608,Vance County, NC
526,526,Warren County, NC
567,567,Lenoir County, NC
1099,1099,Asheville, NC HUD Metro FMR Area
726,726,Haywood County, NC HUD Metro FMR Area
810,810,Iredell County, NC HUD Metro FMR Area
682,682,Lincoln County, NC HUD Metro FMR Area
724,724,Rowan County, NC HUD Metro FMR Area
974,974,Durham-Chapel Hill, NC HUD Metro FMR Area
574,574,Person County, NC HUD Metro FMR Area
750,750,Greensboro-High Point, NC HUD Metro FMR Area
537,537,Rockingham County, NC HUD Metro FMR Area
743,743,Fayetteville, NC HUD Metro FMR Area
641,641,Hoke County, NC HUD Metro FMR Area
750,750,Craven County, NC HUD Metro FMR Area
558,558,Jones County, NC HUD Metro FMR Area
628,628,Pamlico County, NC HUD Metro FMR Area
720,720,Brunswick County, NC HUD Metro FMR Area
873,873,Wilmington, NC HUD Metro FMR Area
692,692,Pender County, NC HUD Metro FMR Area
670,670,Winston-Salem, NC HUD Metro FMR Area
562,562,Davidson County, NC HUD Metro FMR Area
630,630,Gates County, NC HUD Metro FMR Area
682,682,Burlington, NC MSA
628,628,Goldsboro, NC MSA
560,560,Hickory-Lenoir-Morganton, NC MSA
704,704,Greenville, NC MSA
721,721,Jacksonville, NC MSA
1053,1053,Raleigh, NC MSA
604,604,Rocky Mount, NC MSA
1010,1010,Charlotte-Concord-Gastonia, NC-SC HUD Metro FMR Area
557,557,Emmons County, ND
644,644,Foster County, ND
593,593,Eddy County, ND
557,557,Dickey County, ND
593,593,Divide County, ND
791,791,Dunn County, ND
739,739,Ward County, ND
557,557,Stutsman County, ND
557,557,Towner County, ND
598,598,Traill County, ND
558,558,Walsh County, ND
565,565,Adams County, ND
574,574,Barnes County, ND
644,644,Benson County, ND
644,644,Wells County, ND
694,694,Williams County, ND
644,644,McIntosh County, ND
824,824,McKenzie County, ND
557,557,McLean County, ND
643,643,Mercer County, ND
557,557,Pierce County, ND
644,644,Ramsey County, ND
557,557,Ransom County, ND
557,557,Renville County, ND
557,557,Richland County, ND
644,644,Rolette County, ND
619,619,Sargent County, ND
593,593,Sheridan County, ND
593,593,Slope County, ND
771,771,Stark County, ND
557,557,Steele County, ND
595,595,Golden Valley County, ND
577,577,Grant County, ND
557,557,Griggs County, ND
593,593,Hettinger County, ND
644,644,Kidder County, ND
557,557,LaMoure County, ND
565,565,Logan County, ND
644,644,McHenry County, ND
673,673,Mountrail County, ND
644,644,Nelson County, ND
644,644,Pembina County, ND
593,593,Billings County, ND
557,557,Bottineau County, ND
557,557,Bowman County, ND
608,608,Burke County, ND
644,644,Cavalier County, ND
719,719,Bismarck, ND HUD Metro FMR Area
716,716,Oliver County, ND HUD Metro FMR Area
557,557,Sioux County, ND HUD Metro FMR Area
712,712,Fargo, ND-MN MSA
694,694,Grand Forks, ND-MN MSA
603,603,Cuming County, NE
577,577,Butler County, NE
557,557,Frontier County, NE
644,644,Boyd County, NE
557,557,Brown County, NE
557,557,Burt County, NE
557,557,Cedar County, NE
644,644,Chase County, NE
587,587,Cherry County, NE
587,587,Cheyenne County, NE
640,640,Clay County, NE
572,572,Colfax County, NE
582,582,Adams County, NE
601,601,Antelope County, NE
557,557,Custer County, NE
565,565,Dawes County, NE
579,579,Dawson County, NE
567,567,Deuel County, NE
641,641,Dodge County, NE
557,557,Dundy County, NE
631,631,Fillmore County, NE
557,557,Franklin County, NE
565,565,Arthur County, NE
561,561,Banner County, NE
557,557,Blaine County, NE
557,557,Boone County, NE
557,557,Box Butte County, NE
557,557,Furnas County, NE
557,557,Gage County, NE
598,598,Garden County, NE
612,612,Garfield County, NE
644,644,Gosper County, NE
561,561,Grant County, NE
557,557,Greeley County, NE
557,557,Harlan County, NE
557,557,Hayes County, NE
557,557,Hitchcock County, NE
561,561,McPherson County, NE
644,644,Phelps County, NE
595,595,Pierce County, NE
609,609,Platte County, NE
568,568,Polk County, NE
559,559,Red Willow County, NE
579,579,Richardson County, NE
568,568,Madison County, NE
606,606,Morrill County, NE
573,573,Nance County, NE
644,644,Holt County, NE
557,557,Hooker County, NE
562,562,Nemaha County, NE
625,625,Nuckolls County, NE
599,599,Otoe County, NE
557,557,Pawnee County, NE
644,644,Perkins County, NE
557,557,Rock County, NE
623,623,Saline County, NE
582,582,Scotts Bluff County, NE
644,644,Kimball County, NE
557,557,Knox County, NE
560,560,Lincoln County, NE
557,557,Logan County, NE
561,561,Wheeler County, NE
611,611,York County, NE
644,644,Sheridan County, NE
557,557,Sherman County, NE
557,557,Sioux County, NE
703,703,Stanton County, NE
601,601,Thayer County, NE
573,573,Thomas County, NE
561,561,Loup County, NE
557,557,Jefferson County, NE
557,557,Johnson County, NE
557,557,Keya Paha County, NE
668,668,Kearney County, NE
557,557,Keith County, NE
557,557,Thurston County, NE
557,557,Valley County, NE
557,557,Wayne County, NE
557,557,Webster County, NE
557,557,Hamilton County, NE HUD Metro FMR Area
557,557,Howard County, NE HUD Metro FMR Area
557,557,Merrick County, NE HUD Metro FMR Area
628,628,Hall County, NE HUD Metro FMR Area
675,675,Lincoln, NE HUD Metro FMR Area
557,557,Seward County, NE HUD Metro FMR Area
590,590,Saunders County, NE HUD Metro FMR Area
798,798,Omaha-Council Bluffs, NE-IA HUD Metro FMR Area
819,819,Sullivan County, NH
851,851,Carroll County, NH
823,823,Cheshire County, NH
685,685,Coos County, NH
834,834,Grafton County, NH
916,916,Merrimack County, NH
829,829,Belknap County, NH
935,935,Hillsborough County, NH (part) HUD Metro FMR Area
1160,1160,Western Rockingham County, NH HUD Metro FMR Area
1033,1033,Portsmouth-Rochester, NH HUD Metro FMR Area
1038,1038,Manchester, NH HUD Metro FMR Area
1147,1147,Nashua, NH HUD Metro FMR Area
1037,1037,Warren County, NJ HUD Metro FMR Area
1503,1503,Bergen-Passaic, NJ HUD Metro FMR Area
1686,1686,Jersey City, NJ HUD Metro FMR Area
1371,1371,Middlesex-Somerset-Hunterdon, NJ HUD Metro FMR Area
1291,1291,Monmouth-Ocean, NJ HUD Metro FMR Area
1358,1358,Newark, NJ HUD Metro FMR Area
1108,1108,Atlantic City-Hammonton, NJ MSA
1069,1069,Ocean City, NJ MSA
1170,1170,Trenton, NJ MSA
1037,1037,Vineland-Bridgeton, NJ MSA
586,586,Quay County, NM
678,678,Rio Arriba County, NM
653,653,Roosevelt County, NM
571,571,Sierra County, NM
847,847,Eddy County, NM
668,668,Grant County, NM
627,627,Guadalupe County, NM
583,583,Harding County, NM
576,576,Hidalgo County, NM
779,779,Lea County, NM
677,677,San Miguel County, NM
596,596,Socorro County, NM
760,760,Taos County, NM
557,557,Union County, NM
686,686,Chaves County, NM
655,655,Cibola County, NM
587,587,Colfax County, NM
703,703,Curry County, NM
664,664,De Baca County, NM
696,696,Lincoln County, NM
944,944,Los Alamos County, NM
557,557,Luna County, NM
664,664,Otero County, NM
645,645,McKinley County, NM
664,664,Mora County, NM
583,583,Catron County, NM
770,770,Albuquerque, NM MSA
695,695,Farmington, NM MSA
603,603,Las Cruces, NM MSA
940,940,Santa Fe, NM MSA
711,711,Humboldt County, NV
710,710,Lander County, NV
606,606,Lincoln County, NV
634,634,Lyon County, NV
634,634,Mineral County, NV
624,624,Nye County, NV
627,627,Churchill County, NV
830,830,Douglas County, NV
795,795,Elko County, NV
557,557,Esmeralda County, NV
668,668,Eureka County, NV
557,557,Pershing County, NV
652,652,White Pine County, NV
788,788,Carson City, NV MSA
937,937,Las Vegas-Henderson-Paradise, NV MSA
964,964,Reno, NV MSA
733,733,Cortland County, NY
696,696,Genesee County, NY
834,834,Greene County, NY
701,701,Seneca County, NY
700,700,Hamilton County, NY
669,669,Lewis County, NY
711,711,Montgomery County, NY
737,737,Otsego County, NY
693,693,St. Lawrence County, NY
631,631,Schuyler County, NY
685,685,Cayuga County, NY
650,650,Delaware County, NY
719,719,Essex County, NY
680,680,Franklin County, NY
694,694,Fulton County, NY
592,592,Allegany County, NY
607,607,Cattaraugus County, NY
697,697,Clinton County, NY
855,855,Columbia County, NY
657,657,Steuben County, NY
823,823,Sullivan County, NY
574,574,Wyoming County, NY
611,611,Chautauqua County, NY
646,646,Chenango County, NY
805,805,Rochester, NY HUD Metro FMR Area
667,667,Yates County, NY HUD Metro FMR Area
1160,1160,Poughkeepsie-Newburgh-Middletown, NY HUD Metro FMR Area
1659,1659,Nassau-Suffolk, NY HUD Metro FMR Area
1801,1801,New York, NY HUD Metro FMR Area
912,912,Albany-Schenectady-Troy, NY MSA
654,654,Binghamton, NY MSA
772,772,Buffalo-Cheektowaga-Niagara Falls, NY MSA
733,733,Elmira, NY MSA
794,794,Glens Falls, NY MSA
1048,1048,Ithaca, NY MSA
1020,1020,Kingston, NY MSA
625,625,Utica-Rome, NY MSA
729,729,Syracuse, NY MSA
794,794,Watertown-Fort Drum, NY MSA
1619,1619,Westchester County, NY Statutory Exception Area
644,644,Scioto County, OH
594,594,Seneca County, OH
614,614,Shelby County, OH
606,606,Tuscarawas County, OH
559,559,Van Wert County, OH
644,644,Vinton County, OH
576,576,Washington County, OH
604,604,Wayne County, OH
586,586,Williams County, OH
579,579,Wyandot County, OH
605,605,Crawford County, OH
605,605,Adams County, OH
564,564,Ashland County, OH
644,644,Meigs County, OH
557,557,Mercer County, OH
583,583,Darke County, OH
561,561,Defiance County, OH
633,633,Erie County, OH
610,610,Fayette County, OH
580,580,Gallia County, OH
590,590,Highland County, OH
557,557,Holmes County, OH
568,568,Huron County, OH
558,558,Jackson County, OH
610,610,Knox County, OH
606,606,Logan County, OH
619,619,Marion County, OH
557,557,Ashtabula County, OH
739,739,Athens County, OH
583,583,Auglaize County, OH
581,581,Champaign County, OH
610,610,Clinton County, OH
627,627,Columbiana County, OH
560,560,Coshocton County, OH
562,562,Guernsey County, OH
625,625,Hancock County, OH
586,586,Hardin County, OH
588,588,Harrison County, OH
644,644,Henry County, OH
632,632,Paulding County, OH
605,605,Pike County, OH
572,572,Preble County, OH
612,612,Putnam County, OH
623,623,Ross County, OH
644,644,Monroe County, OH
644,644,Morgan County, OH
579,579,Muskingum County, OH
644,644,Noble County, OH
633,633,Ottawa County, OH
598,598,Sandusky County, OH
560,560,Brown County, OH HUD Metro FMR Area
827,827,Columbus, OH HUD Metro FMR Area
567,567,Hocking County, OH HUD Metro FMR Area
557,557,Perry County, OH HUD Metro FMR Area
820,820,Union County, OH HUD Metro FMR Area
585,585,Youngstown-Warren-Boardman, OH HUD Metro FMR Area
664,664,Akron, OH MSA
705,705,Cleveland-Elyria, OH MSA
570,570,Canton-Massillon, OH MSA
647,647,Dayton, OH MSA
615,615,Lima, OH MSA
557,557,Mansfield, OH MSA
613,613,Toledo, OH MSA
612,612,Springfield, OH MSA
698,698,Cincinnati, OH-KY-IN  HUD Metro FMR Area
552,552,Kiowa County, OK
571,571,Latimer County, OK
591,591,Love County, OK
556,556,McCurtain County, OK
639,639,McIntosh County, OK
582,582,Adair County, OK
571,571,Alfalfa County, OK
552,552,Atoka County, OK
570,570,Beaver County, OK
639,639,Washita County, OK
645,645,Woods County, OK
679,679,Woodward County, OK
631,631,Beckham County, OK
552,552,Blaine County, OK
571,571,Bryan County, OK
552,552,Caddo County, OK
649,649,Carter County, OK
586,586,Cherokee County, OK
552,552,Choctaw County, OK
570,570,Cimarron County, OK
570,570,Harper County, OK
563,563,Hughes County, OK
555,555,Jackson County, OK
552,552,Jefferson County, OK
580,580,Johnston County, OK
552,552,Kay County, OK
588,588,Kingfisher County, OK
552,552,Coal County, OK
590,590,Craig County, OK
579,579,Major County, OK
606,606,Ellis County, OK
557,557,Garvin County, OK
576,576,Grant County, OK
552,552,Haskell County, OK
568,568,Ottawa County, OK
602,602,Custer County, OK
552,552,Delaware County, OK
584,584,Dewey County, OK
552,552,Greer County, OK
570,570,Harmon County, OK
568,568,Muskogee County, OK
688,688,Payne County, OK
584,584,Pittsburg County, OK
569,569,Pontotoc County, OK
552,552,Seminole County, OK
577,577,Stephens County, OK
679,679,Texas County, OK
639,639,Tillman County, OK
552,552,Marshall County, OK
576,576,Mayes County, OK
588,588,Murray County, OK
639,639,Washington County, OK
639,639,Noble County, OK
558,558,Nowata County, OK
622,622,Okfuskee County, OK
578,578,Pottawatomie County, OK
567,567,Pushmataha County, OK
570,570,Roger Mills County, OK
580,580,Le Flore County, OK HUD Metro FMR Area
582,582,Lawton, OK HUD Metro FMR Area
562,562,Cotton County, OK HUD Metro FMR Area
697,697,Tulsa, OK HUD Metro FMR Area
552,552,Okmulgee County, OK HUD Metro FMR Area
738,738,Oklahoma City, OK HUD Metro FMR Area
559,559,Grady County, OK HUD Metro FMR Area
595,595,Lincoln County, OK HUD Metro FMR Area
566,566,Pawnee County, OK HUD Metro FMR Area
635,635,Enid, OK MSA
637,637,Baker County, OR
730,730,Coos County, OR
854,854,Curry County, OR
836,836,Douglas County, OR
751,751,Gilliam County, OR
626,626,Grant County, OR
578,578,Harney County, OR
691,691,Morrow County, OR
643,643,Sherman County, OR
708,708,Tillamook County, OR
677,677,Umatilla County, OR
680,680,Union County, OR
665,665,Wallowa County, OR
892,892,Wasco County, OR
585,585,Wheeler County, OR
775,775,Jefferson County, OR
666,666,Lake County, OR
835,835,Lincoln County, OR
605,605,Malheur County, OR
842,842,Clatsop County, OR
716,716,Crook County, OR
916,916,Hood River County, OR
653,653,Klamath County, OR
860,860,Albany, OR MSA
1042,1042,Bend-Redmond, OR MSA
839,839,Grants Pass, OR MSA
917,917,Eugene-Springfield, OR MSA
1031,1031,Corvallis, OR MSA
788,788,Medford, OR MSA
836,836,Salem, OR MSA
1331,1331,Portland-Vancouver-Hillsboro, OR-WA MSA
626,626,Bradford County, PA
549,549,Cameron County, PA
617,617,Clarion County, PA
583,583,Clearfield County, PA
635,635,Sullivan County, PA
600,600,Susquehanna County, PA
635,635,Indiana County, PA
616,616,Mifflin County, PA
588,588,Potter County, PA
577,577,Schuylkill County, PA
568,568,Jefferson County, PA
550,550,Juniata County, PA
592,592,Lawrence County, PA
549,549,McKean County, PA
635,635,Fulton County, PA
624,624,Greene County, PA
609,609,Huntingdon County, PA
611,611,Snyder County, PA
600,600,Somerset County, PA
592,592,Bedford County, PA
607,607,Tioga County, PA
686,686,Union County, PA
583,583,Venango County, PA
594,594,Warren County, PA
718,718,Wayne County, PA
561,561,Northumberland County, PA
612,612,Clinton County, PA
573,573,Crawford County, PA
577,577,Elk County, PA
558,558,Forest County, PA
891,891,Allentown-Bethlehem-Easton, PA HUD Metro FMR Area
704,704,Columbia County, PA HUD Metro FMR Area
690,690,Montour County, PA HUD Metro FMR Area
1041,1041,Pike County, PA HUD Metro FMR Area
772,772,Pittsburgh, PA HUD Metro FMR Area
619,619,Armstrong County, PA HUD Metro FMR Area
556,556,Sharon, PA HUD Metro FMR Area
647,647,Altoona, PA MSA
681,681,Chambersburg-Waynesboro, PA MSA
851,851,East Stroudsburg, PA MSA
653,653,Erie, PA MSA
802,802,Gettysburg, PA MSA
773,773,Harrisburg-Carlisle, PA MSA
572,572,Johnstown, PA MSA
809,809,Lancaster, PA MSA
716,716,Lebanon, PA MSA
741,741,Reading, PA MSA
688,688,Williamsport, PA MSA
685,685,Scranton--Wilkes-Barre, PA MSA
885,885,State College, PA MSA
736,736,York-Hanover, PA MSA
1040,1040,Philadelphia-Camden-Wilmington, PA-NJ-DE-MD MSA
393,393,Arecibo, PR HUD Metro FMR Area
402,402,Quebradillas Municipio, PR HUD Metro FMR Area
393,393,Aguadilla-Isabela, PR HUD Metro FMR Area
373,373,Utuado Municipio, PR HUD Metro FMR Area
393,393,Ponce, PR HUD Metro FMR Area
369,369,Yauco, PR HUD Metro FMR Area
434,434,Fajardo, PR HUD Metro FMR Area
433,433,Caguas, PR HUD Metro FMR Area
477,477,San Juan-Guaynabo, PR HUD Metro FMR Area
369,369,Barranquitas-Aibonito, PR HUD Metro FMR Area
369,369,Guayama, PR MSA
429,429,Mayagüez, PR MSA
373,373,San German, PR MSA
933,933,Westerly-Hopkinton-New Shoreham, RI HUD Metro FMR Area
1157,1157,Newport-Middleton-Portsmouth, RI HUD Metro FMR Area
955,955,Providence-Fall River, RI-MA HUD Metro FMR Area
606,606,Colleton County, SC
615,615,Georgetown County, SC
520,520,Hampton County, SC
527,527,Marlboro County, SC
515,515,Abbeville County, SC
515,515,Allendale County, SC
544,544,Bamberg County, SC
587,587,Barnwell County, SC
547,547,Cherokee County, SC
596,596,Chesterfield County, SC
515,515,Clarendon County, SC
594,594,Dillon County, SC
562,562,Lee County, SC
603,603,Newberry County, SC
628,628,Greenwood County, SC
550,550,Oconee County, SC
596,596,Orangeburg County, SC
515,515,Williamsburg County, SC
515,515,McCormick County, SC
529,529,Marion County, SC
556,556,Chester County, SC HUD Metro FMR Area
628,628,Lancaster County, SC HUD Metro FMR Area
845,845,Columbia, SC HUD Metro FMR Area
630,630,Kershaw County, SC HUD Metro FMR Area
1056,1056,Beaufort County, SC HUD Metro FMR Area
813,813,Jasper County, SC HUD Metro FMR Area
680,680,Anderson, SC HUD Metro FMR Area
826,826,Greenville-Mauldin-Easley, SC HUD Metro FMR Area
610,610,Laurens County, SC HUD Metro FMR Area
620,620,Florence, SC HUD Metro FMR Area
596,596,Darlington County, SC HUD Metro FMR Area
763,763,Myrtle Beach-North Myrtle Beach-Conway, SC HUD Metro FMR Area
735,735,Spartanburg, SC HUD Metro FMR Area
535,535,Union County, SC HUD Metro FMR Area
1059,1059,Charleston-North Charleston, SC MSA
667,667,Sumter, SC MSA
546,546,Corson County, SD
586,586,Davison County, SD
606,606,Day County, SD
617,617,Deuel County, SD
593,593,Brookings County, SD
587,587,Aurora County, SD
552,552,Beadle County, SD
568,568,Douglas County, SD
575,575,Brown County, SD
546,546,Brule County, SD
546,546,Buffalo County, SD
575,575,Edmunds County, SD
555,555,Fall River County, SD
601,601,Butte County, SD
546,546,Campbell County, SD
547,547,Charles Mix County, SD
546,546,Clark County, SD
580,580,Clay County, SD
565,565,Codington County, SD
555,555,Lawrence County, SD
570,570,Lyman County, SD
546,546,Dewey County, SD
546,546,Faulk County, SD
546,546,Bon Homme County, SD
552,552,Potter County, SD
547,547,Roberts County, SD
595,595,Sanborn County, SD
559,559,McPherson County, SD
546,546,Marshall County, SD
546,546,Mellette County, SD
546,546,Miner County, SD
631,631,Moody County, SD
594,594,Harding County, SD
569,569,Hughes County, SD
563,563,Hutchinson County, SD
549,549,Hyde County, SD
631,631,Jackson County, SD
631,631,Jerauld County, SD
558,558,Grant County, SD
546,546,Gregory County, SD
578,578,Haakon County, SD
586,586,Hamlin County, SD
546,546,Jones County, SD
546,546,Kingsbury County, SD
616,616,Walworth County, SD
551,551,Yankton County, SD
546,546,Ziebach County, SD
546,546,Spink County, SD
546,546,Perkins County, SD
546,546,Hand County, SD
546,546,Hanson County, SD
546,546,Lake County, SD
615,615,Bennett County, SD
615,615,Stanley County, SD
559,559,Sully County, SD
546,546,Todd County, SD
546,546,Tripp County, SD
664,664,Rapid City, SD HUD Metro FMR Area
706,706,Custer County, SD HUD Metro FMR Area
651,651,Meade County, SD HUD Metro FMR Area
714,714,Sioux Falls, SD MSA
537,537,Lincoln County, TN
612,612,McMinn County, TN
561,561,McNairy County, TN
582,582,Meigs County, TN
568,568,Monroe County, TN
519,519,Moore County, TN
503,503,Perry County, TN
519,519,Clay County, TN
503,503,Cocke County, TN
543,543,Coffee County, TN
582,582,Humphreys County, TN
503,503,Jackson County, TN
504,504,Johnson County, TN
503,503,Lake County, TN
503,503,Lauderdale County, TN
525,525,Lawrence County, TN
503,503,Lewis County, TN
582,582,Decatur County, TN
503,503,DeKalb County, TN
525,525,Stewart County, TN
556,556,Wayne County, TN
547,547,Weakley County, TN
503,503,Cumberland County, TN
503,503,Haywood County, TN
505,505,Hancock County, TN
503,503,Hardeman County, TN
508,508,Hardin County, TN
545,545,Obion County, TN
545,545,Henderson County, TN
543,543,Houston County, TN
503,503,Van Buren County, TN
529,529,Warren County, TN
530,530,White County, TN
519,519,Rhea County, TN
504,504,Scott County, TN
503,503,Fentress County, TN
570,570,Gibson County, TN
519,519,Overton County, TN
519,519,Pickett County, TN
552,552,Putnam County, TN
687,687,Sevier County, TN
551,551,Greene County, TN
603,603,Bedford County, TN
582,582,Benton County, TN
530,530,Claiborne County, TN
549,549,Bledsoe County, TN
582,582,Carroll County, TN
509,509,Dyer County, TN
512,512,Franklin County, TN
510,510,Henry County, TN
585,585,Giles County, TN
514,514,Grundy County, TN
574,574,Marshall County, TN
509,509,Campbell County, TN HUD Metro FMR Area
520,520,Morgan County, TN HUD Metro FMR Area
597,597,Roane County, TN HUD Metro FMR Area
511,511,Crockett County, TN HUD Metro FMR Area
661,661,Jackson, TN HUD Metro FMR Area
729,729,Knoxville, TN HUD Metro FMR Area
575,575,Grainger County, TN HUD Metro FMR Area
685,685,Hickman County, TN HUD Metro FMR Area
546,546,Smith County, TN HUD Metro FMR Area
1031,1031,Nashville-Davidson--Murfreesboro--Franklin, TN HUD Metro FMR Area
555,555,Macon County, TN HUD Metro FMR Area
735,735,Maury County, TN HUD Metro FMR Area
617,617,Cleveland, TN MSA
621,621,Johnson City, TN MSA
571,571,Morristown, TN MSA
694,694,Chattanooga, TN-GA MSA
689,689,Clarksville, TN-KY MSA
784,784,Memphis, TN-MS-AR HUD Metro FMR Area
533,533,Kingsport-Bristol-Bristol, TN-VA MSA
782,782,Lee County, TX
557,557,Leon County, TX
596,596,Limestone County, TX
604,604,Hill County, TX
644,644,Hockley County, TX
625,625,Hopkins County, TX
557,557,Houston County, TX
846,846,Howard County, TX
618,618,Hutchinson County, TX
666,666,Kinney County, TX
681,681,Kleberg County, TX
588,588,Lamar County, TX
582,582,Jack County, TX
688,688,Jackson County, TX
624,624,Jasper County, TX
687,687,Jeff Davis County, TX
582,582,Jim Hogg County, TX
582,582,Knox County, TX
625,625,Lamb County, TX
572,572,La Salle County, TX
590,590,Lavaca County, TX
601,601,Lipscomb County, TX
738,738,Hemphill County, TX
609,609,Henderson County, TX
667,667,Jim Wells County, TX
640,640,Karnes County, TX
628,628,Kenedy County, TX
628,628,Kent County, TX
735,735,Kerr County, TX
632,632,Kimble County, TX
709,709,King County, TX
631,631,Brown County, TX
838,838,Andrews County, TX
742,742,Angelina County, TX
582,582,Bailey County, TX
644,644,Baylor County, TX
702,702,Bee County, TX
679,679,Blanco County, TX
677,677,DeWitt County, TX
659,659,Anderson County, TX
628,628,Borden County, TX
557,557,Coleman County, TX
644,644,Collingsworth County, TX
587,587,Starr County, TX
590,590,Stephens County, TX
574,574,Colorado County, TX
644,644,Comanche County, TX
640,640,Concho County, TX
644,644,Uvalde County, TX
557,557,Willacy County, TX
697,697,Cooke County, TX
759,759,Burnet County, TX
695,695,Calhoun County, TX
639,639,Camp County, TX
557,557,Cass County, TX
585,585,Fannin County, TX
605,605,Fayette County, TX
582,582,Fisher County, TX
617,617,Floyd County, TX
582,582,Winkler County, TX
609,609,Wood County, TX
645,645,Franklin County, TX
601,601,Garza County, TX
734,734,Gillespie County, TX
628,628,Glasscock County, TX
634,634,Gonzales County, TX
618,618,Gray County, TX
564,564,Grimes County, TX
644,644,Hale County, TX
592,592,Hall County, TX
644,644,Hamilton County, TX
644,644,Castro County, TX
577,577,Cherokee County, TX
663,663,Childress County, TX
582,582,Cochran County, TX
557,557,Coke County, TX
679,679,Real County, TX
582,582,Dickens County, TX
628,628,Dimmit County, TX
557,557,Donley County, TX
582,582,Duval County, TX
629,629,Eastland County, TX
557,557,Bosque County, TX
635,635,Brewster County, TX
582,582,Briscoe County, TX
582,582,Brooks County, TX
628,628,Edwards County, TX
681,681,Erath County, TX
657,657,Mason County, TX
627,627,Matagorda County, TX
582,582,Mills County, TX
582,582,Motley County, TX
683,683,Nacogdoches County, TX
624,624,Navarro County, TX
559,559,Nolan County, TX
610,610,Ochiltree County, TX
630,630,Palo Pinto County, TX
582,582,Cottle County, TX
582,582,Crane County, TX
582,582,Crockett County, TX
571,571,Culberson County, TX
668,668,Dallam County, TX
644,644,Dawson County, TX
654,654,Deaf Smith County, TX
605,605,Delta County, TX
572,572,Young County, TX
557,557,Red River County, TX
691,691,Reeves County, TX
664,664,Refugio County, TX
644,644,Sutton County, TX
557,557,Swisher County, TX
673,673,Terrell County, TX
557,557,Terry County, TX
582,582,Throckmorton County, TX
582,582,Titus County, TX
634,634,Trinity County, TX
644,644,Tyler County, TX
644,644,Upton County, TX
608,608,Wilbarger County, TX
652,652,Yoakum County, TX
624,624,Zapata County, TX
640,640,Zavala County, TX
628,628,Roberts County, TX
566,566,Runnels County, TX
644,644,Sabine County, TX
582,582,San Augustine County, TX
582,582,San Jacinto County, TX
557,557,San Saba County, TX
628,628,Schleicher County, TX
702,702,Scurry County, TX
582,582,Shackelford County, TX
557,557,Shelby County, TX
644,644,Sherman County, TX
601,601,Mitchell County, TX
557,557,Live Oak County, TX
667,667,Llano County, TX
594,594,Panola County, TX
644,644,Parmer County, TX
734,734,Pecos County, TX
656,656,Polk County, TX
582,582,Presidio County, TX
623,623,Rains County, TX
773,773,Reagan County, TX
570,570,Maverick County, TX
582,582,Menard County, TX
599,599,Milam County, TX
667,667,Montague County, TX
624,624,Moore County, TX
557,557,Morris County, TX
670,670,Hansford County, TX
644,644,McCulloch County, TX
628,628,McMullen County, TX
677,677,Madison County, TX
582,582,Marion County, TX
604,604,Val Verde County, TX
608,608,Van Zandt County, TX
793,793,Walker County, TX
636,636,Ward County, TX
557,557,Hardeman County, TX
673,673,Harrison County, TX
752,752,Hartley County, TX
644,644,Haskell County, TX
557,557,Freestone County, TX
683,683,Frio County, TX
582,582,Gaines County, TX
628,628,Loving County, TX
628,628,Sterling County, TX
628,628,Stonewall County, TX
767,767,Washington County, TX
657,657,Wharton County, TX
603,603,Wheeler County, TX
628,628,Foard County, TX
705,705,Amarillo, TX HUD Metro FMR Area
798,798,Oldham County, TX HUD Metro FMR Area
708,708,Beaumont-Port Arthur, TX HUD Metro FMR Area
592,592,Newton County, TX HUD Metro FMR Area
687,687,El Paso, TX HUD Metro FMR Area
605,605,Hudspeth County, TX HUD Metro FMR Area
864,864,Corpus Christi, TX HUD Metro FMR Area
779,779,Aransas County, TX HUD Metro FMR Area
1134,1134,Dallas, TX HUD Metro FMR Area
1021,1021,Fort Worth-Arlington, TX HUD Metro FMR Area
927,927,Hood County, TX HUD Metro FMR Area
738,738,Somervell County, TX HUD Metro FMR Area
954,954,Wise County, TX HUD Metro FMR Area
968,968,Houston-The Woodlands-Sugar Land, TX HUD Metro FMR Area
999,999,Brazoria County, TX HUD Metro FMR Area
810,810,Austin County, TX HUD Metro FMR Area
733,733,Lubbock, TX HUD Metro FMR Area
602,602,Lynn County, TX HUD Metro FMR Area
639,639,Killeen-Temple, TX HUD Metro FMR Area
604,604,Lampasas County, TX HUD Metro FMR Area
721,721,Longview, TX HUD Metro FMR Area
1128,1128,Midland, TX HUD Metro FMR Area
595,595,Martin County, TX HUD Metro FMR Area
912,912,San Antonio-New Braunfels, TX HUD Metro FMR Area
773,773,Atascosa County, TX HUD Metro FMR Area
1061,1061,Kendall County, TX HUD Metro FMR Area
657,657,Medina County, TX HUD Metro FMR Area
721,721,Waco, TX HUD Metro FMR Area
595,595,Falls County, TX HUD Metro FMR Area
575,575,Rusk County, TX HUD Metro FMR Area
1212,1212,Austin-Round Rock, TX MSA
733,733,Abilene, TX MSA
590,590,Brownsville-Harlingen, TX MSA
774,774,College Station-Bryan, TX MSA
735,735,Laredo, TX MSA
574,574,McAllen-Edinburg-Mission, TX MSA
762,762,San Angelo, TX MSA
924,924,Odessa, TX MSA
656,656,Wichita Falls, TX MSA
899,899,Tyler, TX MSA
837,837,Victoria, TX MSA
792,792,Sherman-Denison, TX MSA
658,658,Texarkana, TX-Texarkana
644,644,Millard County, UT
725,725,Kane County, UT
581,581,Piute County, UT
629,629,Rich County, UT
644,644,San Juan County, UT
576,576,Sanpete County, UT
557,557,Sevier County, UT
1002,1002,Summit County, UT
732,732,Uintah County, UT
879,879,Wasatch County, UT
634,634,Wayne County, UT
629,629,Daggett County, UT
581,581,Garfield County, UT
581,581,Beaver County, UT
581,581,Carbon County, UT
647,647,Duchesne County, UT
644,644,Emery County, UT
615,615,Grand County, UT
643,643,Iron County, UT
1001,1001,Salt Lake City, UT HUD Metro FMR Area
769,769,Tooele County, UT HUD Metro FMR Area
812,812,Ogden-Clearfield, UT HUD Metro FMR Area
599,599,Box Elder County, UT HUD Metro FMR Area
827,827,Provo-Orem, UT MSA
781,781,St. George, UT MSA
618,618,Logan, UT-ID MSA
599,599,Lee County, VA
799,799,Louisa County, VA
635,635,King and Queen County, VA
846,846,King George County, VA
753,753,Lancaster County, VA
615,615,Dickenson County, VA
697,697,Essex County, VA
663,663,Westmoreland County, VA
546,546,Wythe County, VA
668,668,Prince Edward County, VA
615,615,Lunenburg County, VA
700,700,Madison County, VA
615,615,Grayson County, VA
532,532,Halifax County, VA
556,556,Highland County, VA
632,632,Mecklenburg County, VA
727,727,Middlesex County, VA
704,704,Northampton County, VA
629,629,Northumberland County, VA
653,653,Richmond County, VA
532,532,Russell County, VA
629,629,Shenandoah County, VA
562,562,Smyth County, VA
569,569,Surry County, VA
558,558,Tazewell County, VA
602,602,Accomack County, VA
664,664,Nottoway County, VA
725,725,Orange County, VA
604,604,Page County, VA
615,615,Patrick County, VA
561,561,Brunswick County, VA
615,615,Buchanan County, VA
556,556,Charlotte County, VA
737,737,Cumberland County, VA
559,559,Bath County, VA
556,556,Bland County, VA
858,858,Blacksburg-Christiansburg-Radford, VA HUD Metro FMR Area
615,615,Floyd County, VA HUD Metro FMR Area
655,655,Giles County, VA HUD Metro FMR Area
631,631,Pulaski County, VA HUD Metro FMR Area
1077,1077,Charlottesville, VA HUD Metro FMR Area
652,652,Buckingham County, VA HUD Metro FMR Area
743,743,Roanoke, VA HUD Metro FMR Area
618,618,Franklin County, VA HUD Metro FMR Area
794,794,Culpeper County, VA HUD Metro FMR Area
942,942,Rappahannock County, VA HUD Metro FMR Area
777,777,Warren County, VA HUD Metro FMR Area
558,558,Alleghany County-Clifton Forge city-Covington city, VA HUD Nonmet
620,620,Rockbridge County-Buena Vista city-Lexington city, VA HUD Nonmetr
532,532,Henry County-Martinsville city, VA HUD Nonmetro FMR Area
532,532,Wise County-Norton city, VA HUD Nonmetro FMR Area
532,532,Pittsylvania County-Danville city, VA HUD Nonmetro FMR Area
592,592,Greensville County-Emporia city, VA HUD Nonmetro FMR Area
690,690,Southampton County-Franklin city, VA HUD Nonmetro FMR Area
615,615,Carroll County-Galax city, VA HUD Nonmetro FMR Area
703,703,Harrisonburg, VA MSA
660,660,Lynchburg, VA MSA
1020,1020,Richmond, VA MSA
695,695,Staunton-Waynesboro, VA MSA
972,972,Virginia Beach-Norfolk-Newport News, VA-NC HUD Metro FMR Area
819,819,Winchester, VA-WV MSA
745,745,Orange County, VT
688,688,Orleans County, VT
824,824,Washington County, VT
779,779,Rutland County, VT
583,583,Essex County, VT
846,846,Addison County, VT
819,819,Bennington County, VT
798,798,Windham County, VT
739,739,Caledonia County, VT
793,793,Lamoille County, VT
837,837,Windsor County, VT
1265,1265,Burlington-South Burlington, VT MSA
655,655,Grant County, WA
688,688,Klickitat County, WA
711,711,Lewis County, WA
825,825,Mason County, WA
660,660,Okanogan County, WA
644,644,Garfield County, WA
683,683,Adams County, WA
786,786,Clallam County, WA
590,590,Ferry County, WA
653,653,Grays Harbor County, WA
853,853,Island County, WA
771,771,Jefferson County, WA
738,738,Kittitas County, WA
557,557,Lincoln County, WA
656,656,Pacific County, WA
923,923,San Juan County, WA
583,583,Wahkiakum County, WA
692,692,Whitman County, WA
1599,1599,Seattle-Bellevue, WA HUD Metro FMR Area
1126,1126,Tacoma, WA HUD Metro FMR Area
774,774,Spokane, WA HUD Metro FMR Area
730,730,Pend Oreille County, WA HUD Metro FMR Area
637,637,Stevens County, WA HUD Metro FMR Area
788,788,Columbia County, WA HUD Metro FMR Area
837,837,Walla Walla County, WA HUD Metro FMR Area
1141,1141,Bremerton-Silverdale, WA MSA
972,972,Bellingham, WA MSA
824,824,Kennewick-Richland, WA MSA
774,774,Longview, WA MSA
974,974,Mount Vernon-Anacortes, WA MSA
1026,1026,Olympia-Tumwater, WA MSA
866,866,Wenatchee, WA MSA
792,792,Yakima, WA MSA
571,571,Burnett County, WI
566,566,Clark County, WI
557,557,Crawford County, WI
638,638,Dodge County, WI
633,633,Polk County, WI
617,617,Portage County, WI
557,557,Price County, WI
604,604,Richland County, WI
557,557,Rusk County, WI
666,666,Door County, WI
614,614,Dunn County, WI
557,557,Florence County, WI
572,572,Forest County, WI
577,577,Grant County, WI
677,677,Sauk County, WI
582,582,Sawyer County, WI
559,559,Shawano County, WI
557,557,Taylor County, WI
568,568,Trempealeau County, WI
557,557,Vernon County, WI
560,560,Ashland County, WI
590,590,Green Lake County, WI
557,557,Iron County, WI
572,572,Jackson County, WI
686,686,Jefferson County, WI
596,596,Juneau County, WI
557,557,Langlade County, WI
580,580,Adams County, WI
557,557,Barron County, WI
567,567,Lincoln County, WI
557,557,Manitowoc County, WI
557,557,Marinette County, WI
564,564,Marquette County, WI
622,622,Menominee County, WI
627,627,Monroe County, WI
673,673,Oneida County, WI
557,557,Pepin County, WI
569,569,Bayfield County, WI
577,577,Buffalo County, WI
588,588,Lafayette County, WI
558,558,Vilas County, WI
677,677,Walworth County, WI
571,571,Washburn County, WI
610,610,Waupaca County, WI
557,557,Waushara County, WI
565,565,Wood County, WI
798,798,Kenosha County, WI HUD Metro FMR Area
680,680,Green Bay, WI HUD Metro FMR Area
587,587,Oconto County, WI HUD Metro FMR Area
1039,1039,Madison, WI HUD Metro FMR Area
697,697,Columbia County, WI HUD Metro FMR Area
652,652,Green County, WI HUD Metro FMR Area
665,665,Iowa County, WI HUD Metro FMR Area
619,619,Appleton, WI MSA
659,659,Eau Claire, WI MSA
619,619,Fond du Lac, WI MSA
656,656,Janesville-Beloit, WI MSA
688,688,Racine, WI MSA
803,803,Milwaukee-Waukesha-West Allis, WI MSA
591,591,Oshkosh-Neenah, WI MSA
618,618,Wausau, WI MSA
644,644,Sheboygan, WI MSA
673,673,La Crosse-Onalaska, WI-MN MSA
550,550,Pleasants County, WV
513,513,Pocahontas County, WV
586,586,Randolph County, WV
571,571,Taylor County, WV
593,593,Tucker County, WV
640,640,Tyler County, WV
513,513,Mingo County, WV
550,550,Monroe County, WV
513,513,Wetzel County, WV
564,564,Wyoming County, WV
579,579,Upshur County, WV
539,539,Webster County, WV
593,593,Jackson County, WV
547,547,Mason County, WV
553,553,Mercer County, WV
601,601,Marion County, WV
563,563,Pendleton County, WV
585,585,Barbour County, WV
593,593,Braxton County, WV
550,550,Calhoun County, WV
605,605,Doddridge County, WV
543,543,Gilmer County, WV
593,593,Grant County, WV
593,593,Greenbrier County, WV
523,523,Hardy County, WV
615,615,Harrison County, WV
577,577,Lewis County, WV
587,587,Logan County, WV
593,593,McDowell County, WV
653,653,Morgan County, WV
513,513,Nicholas County, WV
593,593,Roane County, WV
513,513,Summers County, WV
593,593,Ritchie County, WV
566,566,Fayette County, WV HUD Metro FMR Area
664,664,Charleston, WV HUD Metro FMR Area
593,593,Boone County, WV HUD Metro FMR Area
571,571,Lincoln County, WV HUD Metro FMR Area
694,694,Putnam County, WV HUD Metro FMR Area
723,723,Martinsburg, WV HUD Metro FMR Area
794,794,Jefferson County, WV HUD Metro FMR Area
611,611,Raleigh County, WV HUD Metro FMR Area
715,715,Morgantown, WV MSA
622,622,Parkersburg-Vienna, WV MSA
652,652,Huntington-Ashland, WV-KY-OH HUD Metro FMR Area
576,576,Weirton-Steubenville, WV-OH MSA
570,570,Wheeling, WV-OH MSA
656,656,Park County, WY
607,607,Hot Springs County, WY
663,663,Johnson County, WY
557,557,Niobrara County, WY
557,557,Platte County, WY
689,689,Sheridan County, WY
621,621,Sublette County, WY
706,706,Sweetwater County, WY
1162,1162,Teton County, WY
624,624,Uinta County, WY
644,644,Washakie County, WY
693,693,Weston County, WY
629,629,Lincoln County, WY
771,771,Campbell County, WY
750,750,Carbon County, WY
699,699,Converse County, WY
612,612,Crook County, WY
644,644,Fremont County, WY
611,611,Goshen County, WY
668,668,Albany County, WY
568,568,Big Horn County, WY
696,696,Cheyenne, WY MSA
737,737,Casper, WY MSA
FMR_1BDR,FMR_1BDR,FMR_AREANAME,
659,659,Kusilvak Census Area,
369,369,Puerto Rico HUD Nonmetro Area,
546,546,Oglala Lakota County,